ModelxMeasure;TP;TN;FP;FN;TError_I;TError_II;ACC;SENS;SPEC;BS;AUC;KS;CV_ACC_Mean;CV_AUC_Mean;Sector;Dataset;ModelScope;SplitYear;TrainRows;TestRows;TrainRowsUsed;TestRowsScored
XGB;3.0;26.0;7.0;0.0;21.21;0.0;0.8055555555555556;1.0;0.7878787878787878;0.1578945517539978;0.904040404040404;0.8484848484848485;0.7999999999999999;0.9;Academic & Educational Services;dataset11;sector_only;2015;45;36;14;36
XGB;3.0;28.0;5.0;0.0;15.15;0.0;0.8611111111111112;1.0;0.8484848484848485;0.13939708471298218;0.9292929292929293;0.8484848484848485;0.9298873101420873;0.9610590966968766;Academic & Educational Services;dataset11;global_on_sector_test;2015;7086;36;784;36
XGB;9.0;0.0;11.0;0.0;100.0;0.0;0.45;1.0;0.0;0.25;0.5;0.0;;;Academic & Educational Services;dataset21;sector_only;2015;11;20;6;20
XGB;9.0;11.0;0.0;0.0;0.0;0.0;1.0;1.0;1.0;0.0008729005348868668;1.0;1.0;0.8646601941747573;0.9363121877651052;Academic & Educational Services;dataset21;global_on_sector_test;2015;5531;20;5150;20
XGB;5.0;15.0;10.0;6.0;40.0;54.55;0.5555555555555556;0.45454545454545453;0.6;0.28811779618263245;0.6054545454545455;0.3090909090909091;0.75;0.85;Academic & Educational Services;dataset31;sector_only;2015;45;36;20;36
XGB;10.0;22.0;3.0;1.0;12.0;9.09;0.8888888888888888;0.9090909090909091;0.88;0.10062259435653687;0.9636363636363636;0.8290909090909091;0.8767469869818292;0.9451688920326236;Academic & Educational Services;dataset31;global_on_sector_test;2015;7094;36;5574;36
XGB;;;;;;;;;;;;;;;Academic & Educational Services;dataset41;sector_only;2015;45;36;0;0
XGB;1.0;30.0;5.0;0.0;14.29;0.0;0.8611111111111112;1.0;0.8571428571428571;0.1317749321460724;0.9428571428571428;0.9428571428571428;0.9472222222222222;0.9655864197530863;Academic & Educational Services;dataset41;global_on_sector_test;2015;7094;36;360;36
XGB;1.0;11.0;13.0;0.0;54.17;0.0;0.48;1.0;0.4583333333333333;0.29554134607315063;0.75;0.75;0.6833333333333333;0.6;Academic & Educational Services;dataset12;sector_only;2015;44;25;18;25
XGB;1.0;21.0;3.0;0.0;12.5;0.0;0.88;1.0;0.875;0.07518940418958664;1.0;1.0;0.8114942528735632;0.884502576298058;Academic & Educational Services;dataset12;global_on_sector_test;2015;7069;25;870;25
XGB;2.0;3.0;9.0;1.0;75.0;33.33;0.3333333333333333;0.6666666666666666;0.25;0.3725559115409851;0.33333333333333337;0.08333333333333337;0.8;0.8;Academic & Educational Services;dataset22;sector_only;2015;13;15;10;15
XGB;3.0;4.0;8.0;0.0;66.67;0.0;0.4666666666666667;1.0;0.3333333333333333;0.2869853079319;0.8055555555555556;0.75;0.574421115317821;0.6012027278053443;Academic & Educational Services;dataset22;global_on_sector_test;2015;5731;15;5482;15
XGB;1.0;10.0;11.0;3.0;52.38;75.0;0.44;0.25;0.47619047619047616;0.3171709477901459;0.4523809523809524;0.33333333333333337;0.31999999999999995;0.3777777777777778;Academic & Educational Services;dataset32;sector_only;2015;44;25;28;25
XGB;3.0;15.0;6.0;1.0;28.57;25.0;0.72;0.75;0.7142857142857143;0.15552015602588654;0.8452380952380952;0.6071428571428572;0.6501016654862808;0.7084736047097998;Academic & Educational Services;dataset32;global_on_sector_test;2015;7080;25;5916;25
XGB;;;;;;;;;;;;;;;Academic & Educational Services;dataset42;sector_only;2015;44;25;0;0
XGB;0.0;23.0;2.0;0.0;8.0;;0.92;;0.92;0.061763662844896317;;;0.8002351097178682;0.8456491447241976;Academic & Educational Services;dataset42;global_on_sector_test;2015;7080;25;436;25
XGB;0.0;10.0;8.0;0.0;44.44;;0.5555555555555556;;0.5555555555555556;0.31221550703048706;;;0.45;0.5;Academic & Educational Services;dataset13;sector_only;2015;42;18;18;18
XGB;0.0;15.0;3.0;0.0;16.67;;0.8333333333333334;;0.8333333333333334;0.1283305287361145;;;0.7662921348314606;0.8275217775533392;Academic & Educational Services;dataset13;global_on_sector_test;2015;7054;18;890;18
XGB;2.0;2.0;6.0;2.0;75.0;50.0;0.3333333333333333;0.5;0.25;0.26387760043144226;0.375;0.0;;;Academic & Educational Services;dataset23;sector_only;2015;15;12;8;12
XGB;1.0;5.0;3.0;3.0;37.5;75.0;0.5;0.25;0.625;0.2789194881916046;0.5;0.25;0.5387029827025118;0.5575391065181486;Academic & Educational Services;dataset23;global_on_sector_test;2015;5903;12;5452;12
XGB;3.0;6.0;8.0;1.0;57.14;25.0;0.5;0.75;0.42857142857142855;0.3339618146419525;0.6428571428571428;0.32142857142857145;0.54;0.5222222222222223;Academic & Educational Services;dataset33;sector_only;2015;42;18;26;18
XGB;2.0;10.0;4.0;2.0;28.57;50.0;0.6666666666666666;0.5;0.7142857142857143;0.23289673030376434;0.625;0.39285714285714285;0.6004708891164132;0.6440295599950734;Academic & Educational Services;dataset33;global_on_sector_test;2015;7065;18;5892;18
XGB;;;;;;;;;;;;;;;Academic & Educational Services;dataset43;sector_only;2015;42;18;0;0
XGB;0.0;16.0;2.0;0.0;11.11;;0.8888888888888888;;0.8888888888888888;0.06841970980167389;;;0.7622222222222222;0.8399012345679013;Academic & Educational Services;dataset43;global_on_sector_test;2015;7065;18;450;18
XGB;27.0;408.0;53.0;3.0;11.5;10.0;0.8859470468431772;0.9;0.8850325379609545;0.0927664265036583;0.9546276211135214;0.8611713665943601;0.9168421052631579;0.9488888888888889;Basic Materials;dataset11;sector_only;2015;1306;491;98;491
XGB;29.0;403.0;58.0;1.0;12.58;3.33;0.879837067209776;0.9666666666666667;0.8741865509761388;0.10154827684164047;0.9494577006507592;0.8516992046276212;0.9298873101420873;0.9610590966968766;Basic Materials;dataset11;global_on_sector_test;2015;7086;491;784;491
XGB;221.0;174.0;26.0;30.0;13.0;11.95;0.8758314855875832;0.8804780876494024;0.87;0.0998138040304184;0.9450796812749004;0.752589641434263;0.8573750576012735;0.9302291665072575;Basic Materials;dataset21;sector_only;2015;1114;451;1094;451
XGB;229.0;176.0;24.0;22.0;12.0;8.76;0.8980044345898004;0.9123505976095617;0.88;0.08270756155252457;0.9538645418326692;0.8033665338645418;0.8646601941747573;0.9363121877651052;Basic Materials;dataset21;global_on_sector_test;2015;5531;451;5150;451
XGB;234.0;197.0;36.0;26.0;15.45;10.0;0.8742393509127789;0.9;0.8454935622317596;0.09931418299674988;0.9503301419610433;0.7543578738857709;0.8802844114692017;0.9433422673280003;Basic Materials;dataset31;sector_only;2015;1308;493;1136;493
XGB;246.0;206.0;27.0;14.0;11.59;5.38;0.9168356997971603;0.9461538461538461;0.8841201716738197;0.075873464345932;0.9605150214592275;0.8345658633212281;0.8767469869818292;0.9451688920326236;Basic Materials;dataset31;global_on_sector_test;2015;7094;493;5574;493
XGB;20.0;407.0;65.0;1.0;13.77;4.76;0.8661257606490872;0.9523809523809523;0.8622881355932204;0.1124434843659401;0.9091000807102502;0.8294995964487489;0.9636363636363636;0.9800000000000001;Basic Materials;dataset41;sector_only;2015;1308;493;56;493
XGB;21.0;408.0;64.0;0.0;13.56;0.0;0.8701825557809331;1.0;0.864406779661017;0.11102570593357086;0.9425948345439872;0.896186440677966;0.9472222222222222;0.9655864197530863;Basic Materials;dataset41;global_on_sector_test;2015;7094;493;360;493
XGB;15.0;290.0;80.0;6.0;21.62;28.57;0.7800511508951407;0.7142857142857143;0.7837837837837838;0.17827191948890686;0.8153153153153153;0.5831402831402832;0.7272727272727273;0.7851239669421487;Basic Materials;dataset12;sector_only;2015;1305;391;110;391
XGB;17.0;263.0;107.0;4.0;28.92;19.05;0.7161125319693095;0.8095238095238095;0.7108108108108108;0.22954759001731873;0.8257400257400256;0.681081081081081;0.8114942528735632;0.884502576298058;Basic Materials;dataset12;global_on_sector_test;2015;7069;391;870;391
XGB;102.0;79.0;114.0;69.0;59.07;40.35;0.49725274725274726;0.5964912280701754;0.40932642487046633;0.34316253662109375;0.5214071448050177;0.11586825440111503;0.5602949852507375;0.5846184397480505;Basic Materials;dataset22;sector_only;2015;1146;364;1128;364
XGB;103.0;76.0;117.0;68.0;60.62;39.77;0.49175824175824173;0.6023391812865497;0.39378238341968913;0.2992801070213318;0.5072114656243372;0.09747598703148197;0.574421115317821;0.6012027278053443;Basic Materials;dataset22;global_on_sector_test;2015;5731;364;5482;364
XGB;128.0;84.0;131.0;50.0;60.93;28.09;0.539440203562341;0.7191011235955056;0.39069767441860465;0.314365029335022;0.5965508230990332;0.14536190227332113;0.6211674849972723;0.6834422293787787;Basic Materials;dataset32;sector_only;2015;1306;393;1172;393
XGB;135.0;90.0;125.0;43.0;58.14;24.16;0.5725190839694656;0.7584269662921348;0.4186046511627907;0.28331342339515686;0.5867258949568852;0.19231774235693755;0.6501016654862808;0.7084736047097998;Basic Materials;dataset32;global_on_sector_test;2015;7080;393;5916;393
XGB;11.0;256.0;123.0;3.0;32.45;21.43;0.6793893129770993;0.7857142857142857;0.6754617414248021;0.25926828384399414;0.7989068978514888;0.503392385978138;0.787912087912088;0.8877551020408163;Basic Materials;dataset42;sector_only;2015;1306;393;66;393
XGB;12.0;266.0;113.0;2.0;29.82;14.29;0.7073791348600509;0.8571428571428571;0.7018469656992085;0.21976938843727112;0.8637391632114587;0.6145872597059933;0.8002351097178682;0.8456491447241976;Basic Materials;dataset42;global_on_sector_test;2015;7080;393;436;393
XGB;5.0;191.0;84.0;10.0;30.55;66.67;0.6758620689655173;0.3333333333333333;0.6945454545454546;0.23538713157176971;0.6523636363636363;0.3842424242424243;0.6782608695652174;0.7542929292929292;Basic Materials;dataset13;sector_only;2015;1303;290;118;290
XGB;8.0;202.0;73.0;7.0;26.55;46.67;0.7241379310344828;0.5333333333333333;0.7345454545454545;0.22786475718021393;0.7386666666666667;0.3915151515151515;0.7662921348314606;0.8275217775533392;Basic Materials;dataset13;global_on_sector_test;2015;7054;290;890;290
XGB;65.0;72.0;60.0;76.0;45.45;53.9;0.5018315018315018;0.46099290780141844;0.5454545454545454;0.3421720862388611;0.481785944551902;0.026112185686653855;0.5291905354919053;0.5604926832966866;Basic Materials;dataset23;sector_only;2015;1163;273;1096;273
XGB;72.0;72.0;60.0;69.0;45.45;48.94;0.5274725274725275;0.5106382978723404;0.5454545454545454;0.2866705060005188;0.5368579411132604;0.10186976144422955;0.5387029827025118;0.5575391065181486;Basic Materials;dataset23;global_on_sector_test;2015;5903;273;5452;273
XGB;84.0;79.0;67.0;62.0;45.89;42.47;0.5582191780821918;0.5753424657534246;0.541095890410959;0.3172684907913208;0.5622537061362356;0.14383561643835613;0.583472447638921;0.6151424400155799;Basic Materials;dataset33;sector_only;2015;1304;292;1138;292
XGB;88.0;66.0;80.0;58.0;54.79;39.73;0.5273972602739726;0.6027397260273972;0.4520547945205479;0.29152753949165344;0.5279602176768624;0.0821917808219178;0.6004708891164132;0.6440295599950734;Basic Materials;dataset33;global_on_sector_test;2015;7065;292;5892;292
XGB;8.0;159.0;123.0;2.0;43.62;20.0;0.571917808219178;0.8;0.5638297872340425;0.35295647382736206;0.6879432624113475;0.4553191489361702;0.5791666666666666;0.6741071428571429;Basic Materials;dataset43;sector_only;2015;1304;292;76;292
XGB;5.0;196.0;86.0;5.0;30.5;50.0;0.6883561643835616;0.5;0.6950354609929078;0.24841026961803436;0.7202127659574469;0.4957446808510639;0.7622222222222222;0.8399012345679013;Basic Materials;dataset43;global_on_sector_test;2015;7065;292;450;292
XGB;42.0;432.0;68.0;1.0;13.6;2.33;0.8729281767955801;0.9767441860465116;0.864;0.10896068811416626;0.9568837209302326;0.86;0.9266666666666665;0.9520000000000002;Consumer Cyclicals;dataset11;sector_only;2015;1320;543;150;543
XGB;42.0;438.0;62.0;1.0;12.4;2.33;0.8839779005524862;0.9767441860465116;0.876;0.09964685887098312;0.9582790697674417;0.864;0.9298873101420873;0.9610590966968766;Consumer Cyclicals;dataset11;global_on_sector_test;2015;7086;543;784;543
XGB;220.0;164.0;40.0;30.0;19.61;12.0;0.8458149779735683;0.88;0.803921568627451;0.12888750433921814;0.9013921568627452;0.6888235294117647;0.8451516143106458;0.9224504294590643;Consumer Cyclicals;dataset21;sector_only;2015;1033;454;956;454
XGB;217.0;162.0;42.0;33.0;20.59;13.2;0.8348017621145375;0.868;0.7941176470588235;0.12203741818666458;0.9084901960784314;0.6972156862745098;0.8646601941747573;0.9363121877651052;Consumer Cyclicals;dataset21;global_on_sector_test;2015;5531;454;5150;454
XGB;242.0;219.0;55.0;27.0;20.07;10.04;0.848987108655617;0.8996282527881041;0.7992700729927007;0.11825580149888992;0.9289338724120153;0.7140395625864923;0.8721713374344953;0.9431449502878074;Consumer Cyclicals;dataset31;sector_only;2015;1320;543;1048;543
XGB;241.0;221.0;53.0;28.0;19.34;10.41;0.850828729281768;0.895910780669145;0.8065693430656934;0.11299782991409302;0.9274957262638048;0.710661275879847;0.8767469869818292;0.9451688920326236;Consumer Cyclicals;dataset31;global_on_sector_test;2015;7094;543;5574;543
XGB;24.0;388.0;131.0;0.0;25.24;0.0;0.7587476979742173;1.0;0.7475915221579962;0.1889968365430832;0.9515494540783559;0.8285163776493256;0.9303030303030303;0.9527777777777778;Consumer Cyclicals;dataset41;sector_only;2015;1320;543;58;543
XGB;22.0;446.0;73.0;2.0;14.07;8.33;0.861878453038674;0.9166666666666666;0.859344894026975;0.11918405443429947;0.9465317919075145;0.8304431599229287;0.9472222222222222;0.9655864197530863;Consumer Cyclicals;dataset41;global_on_sector_test;2015;7094;543;360;543
XGB;28.0;272.0;114.0;11.0;29.53;28.21;0.7058823529411765;0.717948717948718;0.7046632124352331;0.22776475548744202;0.7968646206988176;0.4759532350205925;0.7588235294117647;0.8471357170319107;Consumer Cyclicals;dataset12;sector_only;2015;1318;425;174;425
XGB;32.0;284.0;102.0;7.0;26.42;17.95;0.7435294117647059;0.8205128205128205;0.7357512953367875;0.21804723143577576;0.8425003321376379;0.5635047163544573;0.8114942528735632;0.884502576298058;Consumer Cyclicals;dataset12;global_on_sector_test;2015;7069;425;870;425
XGB;89.0;94.0;98.0;77.0;51.04;46.39;0.5111731843575419;0.536144578313253;0.4895833333333333;0.34628164768218994;0.5128639558232931;0.048945783132530174;0.5468627450980392;0.5670238855108005;Consumer Cyclicals;dataset22;sector_only;2015;1062;358;1024;358
XGB;111.0;85.0;107.0;55.0;55.73;33.13;0.547486033519553;0.6686746987951807;0.4427083333333333;0.2914964556694031;0.5357053212851406;0.13221636546184734;0.574421115317821;0.6012027278053443;Consumer Cyclicals;dataset22;global_on_sector_test;2015;5731;358;5482;358
XGB;138.0;114.0;122.0;51.0;51.69;26.98;0.5929411764705882;0.7301587301587301;0.4830508474576271;0.29970720410346985;0.6292260783786208;0.23753475024661463;0.6274754575203005;0.6837292891346947;Consumer Cyclicals;dataset32;sector_only;2015;1318;425;1114;425
XGB;131.0;109.0;127.0;58.0;53.81;30.69;0.5647058823529412;0.6931216931216931;0.461864406779661;0.2572610378265381;0.6428123038292529;0.22885839834992383;0.6501016654862808;0.7084736047097998;Consumer Cyclicals;dataset32;global_on_sector_test;2015;7080;425;5916;425
XGB;11.0;294.0;115.0;5.0;28.12;31.25;0.7176470588235294;0.6875;0.7188264058679706;0.22399765253067017;0.7111858190709046;0.48456601466992666;0.7492647058823529;0.8149305555555555;Consumer Cyclicals;dataset42;sector_only;2015;1318;425;84;425
XGB;11.0;291.0;118.0;5.0;28.85;31.25;0.7105882352941176;0.6875;0.7114914425427873;0.22050583362579346;0.7646699266503667;0.4783007334963325;0.8002351097178682;0.8456491447241976;Consumer Cyclicals;dataset42;global_on_sector_test;2015;7080;425;436;425
XGB;20.0;195.0;81.0;11.0;29.35;35.48;0.7003257328990228;0.6451612903225806;0.7065217391304348;0.2198997288942337;0.7544413277232351;0.4154978962131837;0.7660028449502134;0.8094490612496152;Consumer Cyclicals;dataset13;sector_only;2015;1314;307;188;307
XGB;24.0;201.0;75.0;7.0;27.17;22.58;0.7328990228013029;0.7741935483870968;0.7282608695652174;0.20512238144874573;0.8257363253856943;0.5531790556334736;0.7662921348314606;0.8275217775533392;Consumer Cyclicals;dataset13;global_on_sector_test;2015;7054;307;890;307
XGB;74.0;71.0;61.0;60.0;46.21;44.78;0.5451127819548872;0.5522388059701493;0.5378787878787878;0.3045116364955902;0.5682948891904116;0.1523066485753053;0.5187047232686177;0.531451536157076;Consumer Cyclicals;dataset23;sector_only;2015;1093;266;1016;266
XGB;72.0;67.0;65.0;62.0;49.24;46.27;0.5225563909774437;0.5373134328358209;0.5075757575757576;0.28578296303749084;0.5420058796924468;0.11635006784260515;0.5387029827025118;0.5575391065181486;Consumer Cyclicals;dataset23;global_on_sector_test;2015;5903;266;5452;266
XGB;95.0;86.0;70.0;56.0;44.87;37.09;0.5895765472312704;0.6291390728476821;0.5512820512820513;0.2834319472312927;0.6429359823399559;0.228307013075225;0.5812499999999999;0.6143016581632654;Consumer Cyclicals;dataset33;sector_only;2015;1314;307;1120;307
XGB;110.0;79.0;77.0;41.0;49.36;27.15;0.6156351791530945;0.7284768211920529;0.5064102564102564;0.2584078013896942;0.6271862795041603;0.24150959415860074;0.6004708891164132;0.6440295599950734;Consumer Cyclicals;dataset33;global_on_sector_test;2015;7065;307;5892;307
XGB;8.0;202.0;91.0;6.0;31.06;42.86;0.6840390879478827;0.5714285714285714;0.689419795221843;0.24988093972206116;0.6845441248171624;0.3188688444661141;0.6801470588235293;0.7267361111111111;Consumer Cyclicals;dataset43;sector_only;2015;1314;307;84;307
XGB;7.0;211.0;82.0;7.0;27.99;50.0;0.7100977198697068;0.5;0.7201365187713311;0.2389685958623886;0.7035592393954169;0.33568990736226234;0.7622222222222222;0.8399012345679013;Consumer Cyclicals;dataset43;global_on_sector_test;2015;7065;307;450;307
XGB;17.0;488.0;33.0;5.0;6.33;22.73;0.9300184162062615;0.7727272727272727;0.9366602687140115;0.05787593871355057;0.9580352469028093;0.90978886756238;0.9284615384615386;0.9821842105263159;Consumer Non-Cyclicals;dataset11;sector_only;2015;1461;543;196;543
XGB;21.0;482.0;39.0;1.0;7.49;4.55;0.9263351749539595;0.9545454545454546;0.9251439539347409;0.06486210972070694;0.9706857441982203;0.9174664107485605;0.9298873101420873;0.9610590966968766;Consumer Non-Cyclicals;dataset11;global_on_sector_test;2015;7086;543;784;543
XGB;207.0;160.0;39.0;27.0;19.6;11.54;0.8475750577367206;0.8846153846153846;0.8040201005025126;0.1191377192735672;0.9220890778679725;0.7077481424215092;0.8492078141824335;0.9218876041386863;Consumer Non-Cyclicals;dataset21;sector_only;2015;1103;433;988;433
XGB;200.0;160.0;39.0;34.0;19.6;14.53;0.8314087759815243;0.8547008547008547;0.8040201005025126;0.1127387136220932;0.9252458875574453;0.6993944079371215;0.8646601941747573;0.9363121877651052;Consumer Non-Cyclicals;dataset21;global_on_sector_test;2015;5531;433;5150;433
XGB;222.0;245.0;51.0;25.0;17.23;10.12;0.860036832412523;0.8987854251012146;0.8277027027027027;0.10886313021183014;0.935236349710034;0.7406444906444907;0.8450450450450451;0.9226523821118416;Consumer Non-Cyclicals;dataset31;sector_only;2015;1464;543;1110;543
XGB;226.0;252.0;44.0;21.0;14.86;8.5;0.8802946593001841;0.9149797570850202;0.8513513513513513;0.09415208548307419;0.9446192143560564;0.7798446219498851;0.8767469869818292;0.9451688920326236;Consumer Non-Cyclicals;dataset31;global_on_sector_test;2015;7094;543;5574;543
XGB;6.0;493.0;41.0;3.0;7.68;33.33;0.9189686924493554;0.6666666666666666;0.9232209737827716;0.06827709823846817;0.949438202247191;0.8838951310861423;0.9057142857142857;0.9571428571428571;Consumer Non-Cyclicals;dataset41;sector_only;2015;1464;543;74;543
XGB;7.0;487.0;47.0;2.0;8.8;22.22;0.9097605893186004;0.7777777777777778;0.9119850187265918;0.08303888142108917;0.9425717852684146;0.8726591760299626;0.9472222222222222;0.9655864197530863;Consumer Non-Cyclicals;dataset41;global_on_sector_test;2015;7094;543;360;543
XGB;10.0;341.0;73.0;5.0;17.63;33.33;0.8181818181818182;0.6666666666666666;0.8236714975845411;0.13345655798912048;0.8555555555555555;0.7256038647342995;0.8221835075493612;0.9176190476190476;Consumer Non-Cyclicals;dataset12;sector_only;2015;1454;429;208;429
XGB;12.0;324.0;90.0;3.0;21.74;20.0;0.7832167832167832;0.8;0.782608695652174;0.16710694134235382;0.8772946859903382;0.6628019323671498;0.8114942528735632;0.884502576298058;Consumer Non-Cyclicals;dataset12;global_on_sector_test;2015;7069;429;870;429
XGB;106.0;71.0;109.0;59.0;60.56;35.76;0.5130434782608696;0.6424242424242425;0.39444444444444443;0.3749313950538635;0.4955555555555556;0.06818181818181819;0.5851485148514852;0.6138417802176257;Consumer Non-Cyclicals;dataset22;sector_only;2015;1133;345;1010;345
XGB;88.0;80.0;100.0;77.0;55.56;46.67;0.48695652173913045;0.5333333333333333;0.4444444444444444;0.30882275104522705;0.47151515151515144;0.03737373737373739;0.574421115317821;0.6012027278053443;Consumer Non-Cyclicals;dataset22;global_on_sector_test;2015;5731;345;5482;345
XGB;116.0;124.0;129.0;60.0;50.99;34.09;0.5594405594405595;0.6590909090909091;0.4901185770750988;0.3235276937484741;0.6036201940352137;0.24530632411067188;0.6558118865445552;0.7185921059441026;Consumer Non-Cyclicals;dataset32;sector_only;2015;1460;429;1136;429
XGB;119.0;129.0;124.0;57.0;49.01;32.39;0.578088578088578;0.6761363636363636;0.5098814229249012;0.25772222876548767;0.6475251527128997;0.28631422924901184;0.6501016654862808;0.7084736047097998;Consumer Non-Cyclicals;dataset32;global_on_sector_test;2015;7080;429;5916;429
XGB;3.0;300.0;125.0;1.0;29.41;25.0;0.7062937062937062;0.75;0.7058823529411765;0.2307192087173462;0.7752941176470588;0.6211764705882352;0.8279411764705882;0.8802083333333333;Consumer Non-Cyclicals;dataset42;sector_only;2015;1460;429;82;429
XGB;4.0;333.0;92.0;0.0;21.65;0.0;0.7855477855477856;1.0;0.7835294117647059;0.1737808734178543;0.8905882352941177;0.8070588235294118;0.8002351097178682;0.8456491447241976;Consumer Non-Cyclicals;dataset42;global_on_sector_test;2015;7080;429;436;429
XGB;4.0;253.0;50.0;8.0;16.5;66.67;0.8158730158730159;0.3333333333333333;0.834983498349835;0.13739483058452606;0.7585258525852585;0.5742574257425743;0.7634278002699055;0.8386703601108032;Consumer Non-Cyclicals;dataset13;sector_only;2015;1450;315;194;315
XGB;8.0;230.0;73.0;4.0;24.09;33.33;0.7555555555555555;0.6666666666666666;0.759075907590759;0.1864430010318756;0.8025302530253026;0.5173267326732673;0.7662921348314606;0.8275217775533392;Consumer Non-Cyclicals;dataset13;global_on_sector_test;2015;7054;315;890;315
XGB;72.0;72.0;55.0;59.0;43.31;45.04;0.5581395348837209;0.549618320610687;0.5669291338582677;0.3135558068752289;0.5403017370920238;0.14185249744545292;0.4825242718446602;0.4852295221038741;Consumer Non-Cyclicals;dataset23;sector_only;2015;1158;258;1030;258
XGB;73.0;58.0;69.0;58.0;54.33;44.27;0.5077519379844961;0.5572519083969466;0.4566929133858268;0.2884540557861328;0.5124120935264771;0.07898058544208686;0.5387029827025118;0.5575391065181486;Consumer Non-Cyclicals;dataset23;global_on_sector_test;2015;5903;258;5452;258
XGB;83.0;92.0;83.0;57.0;47.43;40.71;0.5555555555555556;0.5928571428571429;0.5257142857142857;0.3072572350502014;0.6054693877551021;0.18714285714285717;0.5832184172220946;0.635362586481459;Consumer Non-Cyclicals;dataset33;sector_only;2015;1455;315;1142;315
XGB;85.0;99.0;76.0;55.0;43.43;39.29;0.5841269841269842;0.6071428571428571;0.5657142857142857;0.25848188996315;0.6166530612244897;0.2342857142857142;0.6004708891164132;0.6440295599950734;Consumer Non-Cyclicals;dataset33;global_on_sector_test;2015;7065;315;5892;315
XGB;0.0;245.0;67.0;3.0;21.47;100.0;0.7777777777777778;0.0;0.7852564102564102;0.16255129873752594;0.7297008547008547;0.6923076923076923;0.6595588235294118;0.7128472222222222;Consumer Non-Cyclicals;dataset43;sector_only;2015;1455;315;82;315
XGB;1.0;256.0;56.0;2.0;17.95;66.67;0.8158730158730159;0.3333333333333333;0.8205128205128205;0.15195684134960175;0.5064102564102564;0.22756410256410253;0.7622222222222222;0.8399012345679013;Consumer Non-Cyclicals;dataset43;global_on_sector_test;2015;7065;315;450;315
XGB;1.0;83.0;4.0;1.0;4.6;50.0;0.9438202247191011;0.5;0.9540229885057471;0.05776386708021164;0.9655172413793104;0.9540229885057472;0.9527777777777778;0.95875;Energy;dataset11;sector_only;2015;209;89;42;89
XGB;2.0;75.0;12.0;0.0;13.79;0.0;0.8651685393258427;1.0;0.8620689655172413;0.10681046545505524;0.9885057471264368;0.9770114942528736;0.9298873101420873;0.9610590966968766;Energy;dataset11;global_on_sector_test;2015;7086;89;784;89
XGB;30.0;36.0;6.0;4.0;14.29;11.76;0.868421052631579;0.8823529411764706;0.8571428571428571;0.10416840016841888;0.9488795518207284;0.7759103641456582;0.8570075757575758;0.9395220588235293;Energy;dataset21;sector_only;2015;164;76;162;76
XGB;32.0;36.0;6.0;2.0;14.29;5.88;0.8947368421052632;0.9411764705882353;0.8571428571428571;0.0767647847533226;0.9817927170868347;0.8879551820728291;0.8646601941747573;0.9363121877651052;Energy;dataset21;global_on_sector_test;2015;5531;76;5150;76
XGB;34.0;43.0;10.0;2.0;18.87;5.56;0.8651685393258427;0.9444444444444444;0.8113207547169812;0.11078150570392609;0.9549266247379455;0.8034591194968553;0.8423423423423424;0.9131254061078623;Energy;dataset31;sector_only;2015;210;89;184;89
XGB;34.0;41.0;12.0;2.0;22.64;5.56;0.8426966292134831;0.9444444444444444;0.7735849056603774;0.11208100616931915;0.9669811320754718;0.8055555555555556;0.8767469869818292;0.9451688920326236;Energy;dataset31;global_on_sector_test;2015;7094;89;5574;89
XGB;0.0;72.0;17.0;0.0;19.1;;0.8089887640449438;;0.8089887640449438;0.1261453777551651;;;0.7;0.825;Energy;dataset41;sector_only;2015;210;89;20;89
XGB;0.0;77.0;12.0;0.0;13.48;;0.8651685393258427;;0.8651685393258427;0.132158562541008;;;0.9472222222222222;0.9655864197530863;Energy;dataset41;global_on_sector_test;2015;7094;89;360;89
XGB;0.0;63.0;5.0;0.0;7.35;;0.9264705882352942;;0.9264705882352942;0.06486253440380096;;;0.8444444444444444;0.9;Energy;dataset12;sector_only;2015;208;68;46;68
XGB;0.0;49.0;19.0;0.0;27.94;;0.7205882352941176;;0.7205882352941176;0.21308684349060059;;;0.8114942528735632;0.884502576298058;Energy;dataset12;global_on_sector_test;2015;7069;68;870;68
XGB;15.0;19.0;19.0;7.0;50.0;31.82;0.5666666666666667;0.6818181818181818;0.5;0.3021560311317444;0.5657894736842105;0.2272727272727273;0.5301247771836007;0.556401384083045;Energy;dataset22;sector_only;2015;171;60;166;60
XGB;14.0;14.0;24.0;8.0;63.16;36.36;0.4666666666666667;0.6363636363636364;0.3684210526315789;0.33341893553733826;0.5047846889952152;0.11004784688995217;0.574421115317821;0.6012027278053443;Energy;dataset22;global_on_sector_test;2015;5731;60;5482;60
XGB;15.0;18.0;28.0;7.0;60.87;31.82;0.4852941176470588;0.6818181818181818;0.391304347826087;0.3728172779083252;0.5652173913043478;0.19367588932806323;0.615;0.6935;Energy;dataset32;sector_only;2015;210;68;200;68
XGB;18.0;19.0;27.0;4.0;58.7;18.18;0.5441176470588235;0.8181818181818182;0.41304347826086957;0.3059666156768799;0.6462450592885376;0.3102766798418972;0.6501016654862808;0.7084736047097998;Energy;dataset32;global_on_sector_test;2015;7080;68;5916;68
XGB;0.0;61.0;7.0;0.0;10.29;;0.8970588235294118;;0.8970588235294118;0.0694260522723198;;;0.6799999999999999;0.7583333333333334;Energy;dataset42;sector_only;2015;210;68;22;68
XGB;0.0;50.0;18.0;0.0;26.47;;0.7352941176470589;;0.7352941176470589;0.21784132719039917;;;0.8002351097178682;0.8456491447241976;Energy;dataset42;global_on_sector_test;2015;7080;68;436;68
XGB;0.0;38.0;11.0;0.0;22.45;;0.7755102040816326;;0.7755102040816326;0.15148848295211792;;;0.6388888888888888;0.8150000000000001;Energy;dataset13;sector_only;2015;208;49;44;49
XGB;0.0;31.0;18.0;0.0;36.73;;0.6326530612244898;;0.6326530612244898;0.3149621784687042;;;0.7662921348314606;0.8275217775533392;Energy;dataset13;global_on_sector_test;2015;7054;49;890;49
XGB;13.0;13.0;13.0;6.0;50.0;31.58;0.5777777777777777;0.6842105263157895;0.5;0.29412153363227844;0.6133603238866396;0.30364372469635625;0.5529411764705883;0.6020761245674742;Energy;dataset23;sector_only;2015;178;45;170;45
XGB;14.0;11.0;15.0;5.0;57.69;26.32;0.5555555555555556;0.7368421052631579;0.4230769230769231;0.29424741864204407;0.5951417004048583;0.20242914979757087;0.5387029827025118;0.5575391065181486;Energy;dataset23;global_on_sector_test;2015;5903;45;5452;45
XGB;16.0;16.0;14.0;3.0;46.67;15.79;0.6530612244897959;0.8421052631578947;0.5333333333333333;0.2810838222503662;0.7263157894736842;0.39473684210526316;0.5672064777327935;0.5975069252077562;Energy;dataset33;sector_only;2015;210;49;192;49
XGB;16.0;13.0;17.0;3.0;56.67;15.79;0.5918367346938775;0.8421052631578947;0.43333333333333335;0.309146910905838;0.5771929824561404;0.34736842105263155;0.6004708891164132;0.6440295599950734;Energy;dataset33;global_on_sector_test;2015;7065;49;5892;49
XGB;0.0;41.0;8.0;0.0;16.33;;0.8367346938775511;;0.8367346938775511;0.10081879794597626;;;0.47000000000000003;0.45;Energy;dataset43;sector_only;2015;210;49;22;49
XGB;0.0;32.0;17.0;0.0;34.69;;0.6530612244897959;;0.6530612244897959;0.2667215168476105;;;0.7622222222222222;0.8399012345679013;Energy;dataset43;global_on_sector_test;2015;7065;49;450;49
XGB;;;;;;;;;;;;;;;Healthcare;dataset11;sector_only;2015;110;82;0;0
XGB;2.0;74.0;6.0;0.0;7.5;0.0;0.926829268292683;1.0;0.925;0.0728561282157898;0.9625;0.9375;0.9298873101420873;0.9610590966968766;Healthcare;dataset11;global_on_sector_test;2015;7086;82;784;82
XGB;25.0;21.0;10.0;3.0;32.26;10.71;0.7796610169491526;0.8928571428571429;0.6774193548387096;0.18131738901138306;0.8675115207373272;0.5990783410138248;0.7274725274725276;0.8829931972789116;Healthcare;dataset21;sector_only;2015;86;59;66;59
XGB;21.0;27.0;4.0;7.0;12.9;25.0;0.8135593220338984;0.75;0.8709677419354839;0.14025285840034485;0.9112903225806451;0.717741935483871;0.8646601941747573;0.9363121877651052;Healthcare;dataset21;global_on_sector_test;2015;5531;59;5150;59
XGB;27.0;41.0;11.0;3.0;21.15;10.0;0.8292682926829268;0.9;0.7884615384615384;0.09869301319122314;0.9500000000000001;0.7461538461538462;0.7714285714285716;0.7959183673469388;Healthcare;dataset31;sector_only;2015;110;82;66;82
XGB;23.0;45.0;7.0;7.0;13.46;23.33;0.8292682926829268;0.7666666666666667;0.8653846153846154;0.1173710823059082;0.9416666666666667;0.7461538461538462;0.8767469869818292;0.9451688920326236;Healthcare;dataset31;global_on_sector_test;2015;7094;82;5574;82
XGB;;;;;;;;;;;;;;;Healthcare;dataset41;sector_only;2015;110;82;0;0
XGB;0.0;75.0;7.0;0.0;8.54;;0.9146341463414634;;0.9146341463414634;0.07485561817884445;;;0.9472222222222222;0.9655864197530863;Healthcare;dataset41;global_on_sector_test;2015;7094;82;360;82
XGB;0.0;0.0;62.0;0.0;100.0;;0.0;;0.0;0.25;;;;;Healthcare;dataset12;sector_only;2015;109;62;4;62
XGB;0.0;50.0;12.0;0.0;19.35;;0.8064516129032258;;0.8064516129032258;0.1589747965335846;;;0.8114942528735632;0.884502576298058;Healthcare;dataset12;global_on_sector_test;2015;7069;62;870;62
XGB;13.0;9.0;18.0;6.0;66.67;31.58;0.4782608695652174;0.6842105263157895;0.3333333333333333;0.4312264025211334;0.46003898635477586;0.09161793372319693;0.6342857142857143;0.6801020408163265;Healthcare;dataset22;sector_only;2015;92;46;74;46
XGB;12.0;9.0;18.0;7.0;66.67;36.84;0.45652173913043476;0.631578947368421;0.3333333333333333;0.33879151940345764;0.5575048732943471;0.18323586744639375;0.574421115317821;0.6012027278053443;Healthcare;dataset22;global_on_sector_test;2015;5731;46;5482;46
XGB;13.0;19.0;24.0;6.0;55.81;31.58;0.5161290322580645;0.6842105263157895;0.4418604651162791;0.3860214650630951;0.5899632802937577;0.37209302325581395;0.7058333333333333;0.7924107142857142;Healthcare;dataset32;sector_only;2015;109;62;78;62
XGB;16.0;23.0;20.0;3.0;46.51;15.79;0.6290322580645161;0.8421052631578947;0.5348837209302325;0.22550928592681885;0.7662178702570379;0.47001223990208074;0.6501016654862808;0.7084736047097998;Healthcare;dataset32;global_on_sector_test;2015;7080;62;5916;62
XGB;;;;;;;;;;;;;;;Healthcare;dataset42;sector_only;2015;109;62;0;0
XGB;0.0;51.0;11.0;0.0;17.74;;0.8225806451612904;;0.8225806451612904;0.13063177466392517;;;0.8002351097178682;0.8456491447241976;Healthcare;dataset42;global_on_sector_test;2015;7080;62;436;62
XGB;0.0;0.0;46.0;0.0;100.0;;0.0;;0.0;0.25;;;;;Healthcare;dataset13;sector_only;2015;110;46;4;46
XGB;0.0;37.0;9.0;0.0;19.57;;0.8043478260869565;;0.8043478260869565;0.13306477665901184;;;0.7662921348314606;0.8275217775533392;Healthcare;dataset13;global_on_sector_test;2015;7054;46;890;46
XGB;6.0;11.0;7.0;12.0;38.89;66.67;0.4722222222222222;0.3333333333333333;0.6111111111111112;0.3723304569721222;0.5185185185185185;0.16666666666666663;0.5249999999999999;0.5758928571428571;Healthcare;dataset23;sector_only;2015;99;36;76;36
XGB;7.0;12.0;6.0;11.0;33.33;61.11;0.5277777777777778;0.3888888888888889;0.6666666666666666;0.30225861072540283;0.521604938271605;0.16666666666666669;0.5387029827025118;0.5575391065181486;Healthcare;dataset23;global_on_sector_test;2015;5903;36;5452;36
XGB;9.0;17.0;11.0;9.0;39.29;50.0;0.5652173913043478;0.5;0.6071428571428571;0.34092360734939575;0.5496031746031746;0.16269841269841273;0.7033333333333334;0.7361607142857143;Healthcare;dataset33;sector_only;2015;110;46;78;46
XGB;10.0;17.0;11.0;8.0;39.29;44.44;0.5869565217391305;0.5555555555555556;0.6071428571428571;0.2733798027038574;0.5694444444444445;0.2182539682539683;0.6004708891164132;0.6440295599950734;Healthcare;dataset33;global_on_sector_test;2015;7065;46;5892;46
XGB;0.0;0.0;46.0;0.0;100.0;;0.0;;0.0;0.25;;;;;Healthcare;dataset43;sector_only;2015;110;46;2;46
XGB;0.0;36.0;10.0;0.0;21.74;;0.782608695652174;;0.782608695652174;0.1999824345111847;;;0.7622222222222222;0.8399012345679013;Healthcare;dataset43;global_on_sector_test;2015;7065;46;450;46
XGB;13.0;336.0;54.0;1.0;13.85;7.14;0.8638613861386139;0.9285714285714286;0.8615384615384616;0.11320675164461136;0.9362637362637363;0.8260073260073261;0.9046783625730994;0.9733333333333334;Industrials;dataset11;sector_only;2015;912;404;94;404
XGB;14.0;341.0;49.0;0.0;12.56;0.0;0.8787128712871287;1.0;0.8743589743589744;0.1070575937628746;0.9467032967032967;0.8871794871794871;0.9298873101420873;0.9610590966968766;Industrials;dataset11;global_on_sector_test;2015;7086;404;784;404
XGB;136.0;121.0;32.0;19.0;20.92;12.26;0.8344155844155844;0.8774193548387097;0.7908496732026143;0.12922357022762299;0.9171832173729706;0.668269028041324;0.8294509679466836;0.9023728331912476;Industrials;dataset21;sector_only;2015;717;308;686;308
XGB;131.0;129.0;24.0;24.0;15.69;15.48;0.8441558441558441;0.8451612903225807;0.8431372549019608;0.12106805294752121;0.9137254901960783;0.7083280624077588;0.8646601941747573;0.9363121877651052;Industrials;dataset21;global_on_sector_test;2015;5531;308;5150;308
XGB;144.0;212.0;30.0;18.0;12.4;11.11;0.8811881188118812;0.8888888888888888;0.8760330578512396;0.10018235445022583;0.9405162738496072;0.7771655953474135;0.8757183908045978;0.9403512387958735;Industrials;dataset31;sector_only;2015;913;404;724;404
XGB;144.0;210.0;32.0;18.0;13.22;11.11;0.8762376237623762;0.8888888888888888;0.8677685950413223;0.0974154993891716;0.9368431792674216;0.7669115396388124;0.8767469869818292;0.9451688920326236;Industrials;dataset31;global_on_sector_test;2015;7094;404;5574;404
XGB;4.0;344.0;53.0;3.0;13.35;42.86;0.8613861386138614;0.5714285714285714;0.8664987405541562;0.10900701582431793;0.8783735156531125;0.7135660309463836;0.8590909090909091;0.9055555555555557;Industrials;dataset41;sector_only;2015;913;404;56;404
XGB;6.0;346.0;51.0;1.0;12.85;14.29;0.8712871287128713;0.8571428571428571;0.871536523929471;0.11162835359573364;0.9233537243612809;0.8639798488664987;0.9472222222222222;0.9655864197530863;Industrials;dataset41;global_on_sector_test;2015;7094;404;360;404
XGB;11.0;222.0;87.0;3.0;28.16;21.43;0.7213622291021672;0.7857142857142857;0.7184466019417476;0.21011824905872345;0.7956541840036986;0.5268146093388812;0.6461904761904762;0.6563636363636365;Industrials;dataset12;sector_only;2015;910;323;104;323
XGB;11.0;229.0;80.0;3.0;25.89;21.43;0.7430340557275542;0.7857142857142857;0.7411003236245954;0.19358332455158234;0.8687008784096163;0.6463245492371706;0.8114942528735632;0.884502576298058;Industrials;dataset12;global_on_sector_test;2015;7069;323;870;323
XGB;54.0;78.0;70.0;49.0;47.3;47.57;0.5258964143426295;0.5242718446601942;0.527027027027027;0.3321450650691986;0.5308318026764628;0.11676725268958277;0.4905405405405405;0.5172023374726077;Industrials;dataset22;sector_only;2015;749;251;740;251
XGB;63.0;64.0;84.0;40.0;56.76;38.83;0.5059760956175299;0.6116504854368932;0.43243243243243246;0.2919618785381317;0.5550380477564943;0.1544214117029651;0.574421115317821;0.6012027278053443;Industrials;dataset22;global_on_sector_test;2015;5731;251;5482;251
XGB;64.0;122.0;92.0;45.0;42.99;41.28;0.5758513931888545;0.5871559633027523;0.5700934579439252;0.2845306098461151;0.6739689616736689;0.2992369030266656;0.6352437106918238;0.6958180379746836;Industrials;dataset32;sector_only;2015;912;323;798;323
XGB;80.0;117.0;97.0;29.0;45.33;26.61;0.6099071207430341;0.7339449541284404;0.5467289719626168;0.248841792345047;0.6874732058647004;0.3191288690731373;0.6501016654862808;0.7084736047097998;Industrials;dataset32;global_on_sector_test;2015;7080;323;5916;323
XGB;2.0;204.0;111.0;6.0;35.24;75.0;0.6377708978328174;0.25;0.6476190476190476;0.2713131606578827;0.5464285714285714;0.27936507936507937;0.7653846153846153;0.7857142857142858;Industrials;dataset42;sector_only;2015;912;323;64;323
XGB;6.0;238.0;77.0;2.0;24.44;25.0;0.7554179566563467;0.75;0.7555555555555555;0.19935593008995056;0.8484126984126985;0.5829365079365079;0.8002351097178682;0.8456491447241976;Industrials;dataset42;global_on_sector_test;2015;7080;323;436;323
XGB;8.0;155.0;76.0;2.0;32.9;20.0;0.6763485477178424;0.8;0.670995670995671;0.25553983449935913;0.6948051948051948;0.496969696969697;0.6454545454545455;0.7322314049586776;Industrials;dataset13;sector_only;2015;909;241;110;241
XGB;8.0;175.0;56.0;2.0;24.24;20.0;0.7593360995850622;0.8;0.7575757575757576;0.19460810720920563;0.8376623376623377;0.6445887445887446;0.7662921348314606;0.8275217775533392;Industrials;dataset13;global_on_sector_test;2015;7054;241;890;241
XGB;39.0;62.0;45.0;50.0;42.06;56.18;0.5153061224489796;0.43820224719101125;0.5794392523364486;0.3546394407749176;0.47831565683083066;0.055129686023311975;0.5091673032849504;0.5159115320769456;Industrials;dataset23;sector_only;2015;778;196;766;196
XGB;53.0;51.0;56.0;36.0;52.34;40.45;0.5306122448979592;0.5955056179775281;0.4766355140186916;0.29209083318710327;0.5383807623648011;0.09849837236165082;0.5387029827025118;0.5575391065181486;Industrials;dataset23;global_on_sector_test;2015;5903;196;5452;196
XGB;51.0;95.0;54.0;41.0;36.24;44.57;0.6058091286307054;0.5543478260869565;0.6375838926174496;0.28964200615882874;0.5986285380799534;0.21206594689232566;0.600253048079135;0.6236476909007773;Industrials;dataset33;sector_only;2015;911;241;808;241
XGB;57.0;73.0;76.0;35.0;51.01;38.04;0.5394190871369294;0.6195652173913043;0.4899328859060403;0.27652356028556824;0.6063612489057485;0.181645754304056;0.6004708891164132;0.6440295599950734;Industrials;dataset33;global_on_sector_test;2015;7065;241;5892;241
XGB;3.0;175.0;59.0;4.0;25.21;57.14;0.7385892116182573;0.42857142857142855;0.7478632478632479;0.18749016523361206;0.6361416361416361;0.3553113553113553;0.689010989010989;0.7333333333333332;Industrials;dataset43;sector_only;2015;911;241;68;241
XGB;5.0;174.0;60.0;2.0;25.64;28.57;0.7427385892116183;0.7142857142857143;0.7435897435897436;0.20907530188560486;0.8711843711843712;0.663003663003663;0.7622222222222222;0.8399012345679013;Industrials;dataset43;global_on_sector_test;2015;7065;241;450;241
XGB;33.0;199.0;13.0;1.0;6.13;2.94;0.943089430894309;0.9705882352941176;0.9386792452830188;0.05672817677259445;0.9752358490566038;0.9150943396226415;0.8954248366013072;0.9209876543209876;Real Estate;dataset11;sector_only;2015;421;246;86;246
XGB;34.0;199.0;13.0;0.0;6.13;0.0;0.9471544715447154;1.0;0.9386792452830188;0.04901070147752762;0.9773862375138734;0.9481132075471698;0.9298873101420873;0.9610590966968766;Real Estate;dataset11;global_on_sector_test;2015;7086;246;784;246
XGB;88.0;77.0;24.0;17.0;23.76;16.19;0.8009708737864077;0.8380952380952381;0.7623762376237624;0.14497628808021545;0.8925978312116927;0.6366808109382367;0.8355932203389831;0.9158850574712645;Real Estate;dataset21;sector_only;2015;300;206;298;206
XGB;90.0;78.0;23.0;15.0;22.77;14.29;0.8155339805825242;0.8571428571428571;0.7722772277227723;0.13078348338603973;0.9031588873173031;0.6617633191890617;0.8646601941747573;0.9363121877651052;Real Estate;dataset21;global_on_sector_test;2015;5531;206;5150;206
XGB;114.0;102.0;23.0;7.0;18.4;5.79;0.8780487804878049;0.9421487603305785;0.816;0.10442653298377991;0.9316363636363636;0.7810909090909091;0.8699378881987577;0.9446818727490998;Real Estate;dataset31;sector_only;2015;421;246;346;246
XGB;113.0;107.0;18.0;8.0;14.4;6.61;0.8943089430894309;0.9338842975206612;0.856;0.08327870070934296;0.9508760330578513;0.8298842975206612;0.8767469869818292;0.9451688920326236;Real Estate;dataset31;global_on_sector_test;2015;7094;246;5574;246
XGB;18.0;201.0;27.0;0.0;11.84;0.0;0.8902439024390244;1.0;0.881578947368421;0.1030404344201088;0.9403021442495126;0.881578947368421;0.9277777777777778;0.9550000000000001;Real Estate;dataset41;sector_only;2015;421;246;42;246
XGB;18.0;202.0;26.0;0.0;11.4;0.0;0.8943089430894309;1.0;0.8859649122807017;0.10017289221286774;0.9736842105263158;0.9166666666666666;0.9472222222222222;0.9655864197530863;Real Estate;dataset41;global_on_sector_test;2015;7094;246;360;246
XGB;26.0;128.0;32.0;6.0;20.0;18.75;0.8020833333333334;0.8125;0.8;0.15184831619262695;0.8572265625000001;0.65625;0.72;0.8002222222222223;Real Estate;dataset12;sector_only;2015;419;192;96;192
XGB;26.0;122.0;38.0;6.0;23.75;18.75;0.7708333333333334;0.8125;0.7625;0.1728290319442749;0.8890625;0.64375;0.8114942528735632;0.884502576298058;Real Estate;dataset12;global_on_sector_test;2015;7069;192;870;192
XGB;45.0;31.0;66.0;27.0;68.04;37.5;0.44970414201183434;0.625;0.31958762886597936;0.42472973465919495;0.4534650630011455;0.04066437571592213;0.6033333333333333;0.6155555555555556;Real Estate;dataset22;sector_only;2015;322;169;300;169
XGB;43.0;29.0;68.0;29.0;70.1;40.28;0.4260355029585799;0.5972222222222222;0.29896907216494845;0.3624633252620697;0.42998281786941583;0.042096219931271474;0.574421115317821;0.6012027278053443;Real Estate;dataset22;global_on_sector_test;2015;5731;169;5482;169
XGB;66.0;41.0;63.0;22.0;60.58;25.0;0.5572916666666666;0.75;0.3942307692307692;0.34309402108192444;0.5926573426573427;0.18356643356643365;0.648462064251538;0.7136941544143761;Real Estate;dataset32;sector_only;2015;419;192;384;192
XGB;66.0;35.0;69.0;22.0;66.35;25.0;0.5260416666666666;0.75;0.33653846153846156;0.3274834454059601;0.5596590909090909;0.16958041958041958;0.6501016654862808;0.7084736047097998;Real Estate;dataset32;global_on_sector_test;2015;7080;192;5916;192
XGB;14.0;139.0;37.0;2.0;21.02;12.5;0.796875;0.875;0.7897727272727273;0.16579432785511017;0.8872514204545454;0.6761363636363636;0.7166666666666667;0.8322222222222223;Real Estate;dataset42;sector_only;2015;419;192;56;192
XGB;15.0;135.0;41.0;1.0;23.3;6.25;0.78125;0.9375;0.7670454545454546;0.1680707186460495;0.9311079545454545;0.8409090909090909;0.8002351097178682;0.8456491447241976;Real Estate;dataset42;global_on_sector_test;2015;7080;192;436;192
XGB;22.0;93.0;21.0;5.0;18.42;18.52;0.8156028368794326;0.8148148148148148;0.8157894736842105;0.15245357155799866;0.8323586744639375;0.6461988304093568;0.6636363636363637;0.7256198347107438;Real Estate;dataset13;sector_only;2015;417;141;110;141
XGB;21.0;85.0;29.0;6.0;25.44;22.22;0.75177304964539;0.7777777777777778;0.7456140350877193;0.19063273072242737;0.8486029889538661;0.6003898635477583;0.7662921348314606;0.8275217775533392;Real Estate;dataset13;global_on_sector_test;2015;7054;141;890;141
XGB;35.0;41.0;36.0;18.0;46.75;33.96;0.5846153846153846;0.660377358490566;0.5324675324675324;0.3146684467792511;0.5900514579759863;0.19872580249938737;0.5739903846153845;0.5974964488636363;Real Estate;dataset23;sector_only;2015;340;130;324;130
XGB;27.0;32.0;45.0;26.0;58.44;49.06;0.45384615384615384;0.5094339622641509;0.4155844155844156;0.3388289213180542;0.4699828473413379;0.06836559666748346;0.5387029827025118;0.5575391065181486;Real Estate;dataset23;global_on_sector_test;2015;5903;130;5452;130
XGB;45.0;44.0;33.0;19.0;42.86;29.69;0.6312056737588653;0.703125;0.5714285714285714;0.2748856246471405;0.672077922077922;0.3189935064935065;0.5731707317073171;0.5961927424152289;Real Estate;dataset33;sector_only;2015;417;141;410;141
XGB;47.0;31.0;46.0;17.0;59.74;26.56;0.5531914893617021;0.734375;0.4025974025974026;0.2887468934059143;0.5967938311688311;0.1946022727272727;0.6004708891164132;0.6440295599950734;Real Estate;dataset33;global_on_sector_test;2015;7065;141;5892;141
XGB;14.0;102.0;23.0;2.0;18.4;12.5;0.8226950354609929;0.875;0.816;0.1627480536699295;0.8752500000000001;0.7375;0.7666666666666666;0.7955555555555556;Real Estate;dataset43;sector_only;2015;417;141;56;141
XGB;15.0;89.0;36.0;1.0;28.8;6.25;0.7375886524822695;0.9375;0.712;0.1946641355752945;0.893;0.731;0.7622222222222222;0.8399012345679013;Real Estate;dataset43;global_on_sector_test;2015;7065;141;450;141
XGB;7.0;107.0;31.0;0.0;22.46;0.0;0.7862068965517242;1.0;0.7753623188405797;0.18554861843585968;0.8876811594202898;0.7753623188405797;0.96;0.95;Technology;dataset11;sector_only;2015;242;145;24;145
XGB;7.0;109.0;29.0;0.0;21.01;0.0;0.8;1.0;0.7898550724637681;0.16635429859161377;0.9720496894409938;0.8985507246376812;0.9298873101420873;0.9610590966968766;Technology;dataset11;global_on_sector_test;2015;7086;145;784;145
XGB;49.0;42.0;11.0;7.0;20.75;12.5;0.8348623853211009;0.875;0.7924528301886793;0.13669314980506897;0.8921832884097034;0.7240566037735849;0.900609756097561;0.9419285714285716;Technology;dataset21;sector_only;2015;206;109;202;109
XGB;47.0;43.0;10.0;9.0;18.87;16.07;0.8256880733944955;0.8392857142857143;0.8113207547169812;0.1369975060224533;0.9009433962264151;0.7280997304582211;0.8646601941747573;0.9363121877651052;Technology;dataset21;global_on_sector_test;2015;5531;109;5150;109
XGB;49.0;69.0;17.0;10.0;19.77;16.95;0.8137931034482758;0.8305084745762712;0.8023255813953488;0.15247859060764313;0.8565234528971226;0.686637761135199;0.8692218350754937;0.9253514739229025;Technology;dataset31;sector_only;2015;243;145;206;145
XGB;52.0;71.0;15.0;7.0;17.44;11.86;0.8482758620689655;0.8813559322033898;0.8255813953488372;0.11777161061763763;0.9308238076468269;0.7534489554592038;0.8767469869818292;0.9451688920326236;Technology;dataset31;global_on_sector_test;2015;7094;145;5574;145
XGB;4.0;119.0;22.0;0.0;15.6;0.0;0.8482758620689655;1.0;0.8439716312056738;0.11692781001329422;0.9521276595744681;0.8652482269503546;0.8;0.85;Technology;dataset41;sector_only;2015;243;145;20;145
XGB;4.0;110.0;31.0;0.0;21.99;0.0;0.7862068965517242;1.0;0.7801418439716312;0.1830645054578781;0.975177304964539;0.9290780141843972;0.9472222222222222;0.9655864197530863;Technology;dataset41;global_on_sector_test;2015;7094;145;360;145
XGB;3.0;62.0;48.0;1.0;43.64;25.0;0.5701754385964912;0.75;0.5636363636363636;0.31592968106269836;0.7215909090909091;0.4545454545454546;0.8533333333333333;0.8666666666666668;Technology;dataset12;sector_only;2015;243;114;26;114
XGB;4.0;74.0;36.0;0.0;32.73;0.0;0.6842105263157895;1.0;0.6727272727272727;0.2569529116153717;0.9363636363636364;0.8818181818181818;0.8114942528735632;0.884502576298058;Technology;dataset12;global_on_sector_test;2015;7069;114;870;114
XGB;22.0;19.0;30.0;16.0;61.22;42.11;0.47126436781609193;0.5789473684210527;0.3877551020408163;0.3711986839771271;0.4656283566058002;0.07894736842105263;0.5190476190476191;0.547392290249433;Technology;dataset22;sector_only;2015;214;87;210;87
XGB;23.0;18.0;31.0;15.0;63.27;39.47;0.47126436781609193;0.6052631578947368;0.3673469387755102;0.3384209871292114;0.45327604726100973;0.05853920515574651;0.574421115317821;0.6012027278053443;Technology;dataset22;global_on_sector_test;2015;5731;87;5482;87
XGB;19.0;43.0;31.0;21.0;41.89;52.5;0.543859649122807;0.475;0.581081081081081;0.32006341218948364;0.6094594594594596;0.2918918918918919;0.5767676767676767;0.6266618756737333;Technology;dataset32;sector_only;2015;243;114;222;114
XGB;31.0;40.0;34.0;9.0;45.95;22.5;0.6228070175438597;0.775;0.5405405405405406;0.23937591910362244;0.6952702702702702;0.38648648648648654;0.6501016654862808;0.7084736047097998;Technology;dataset32;global_on_sector_test;2015;7080;114;5916;114
XGB;1.0;62.0;50.0;1.0;44.64;50.0;0.5526315789473685;0.5;0.5535714285714286;0.31455329060554504;0.5602678571428571;0.5267857142857143;0.74;0.7916666666666666;Technology;dataset42;sector_only;2015;243;114;22;114
XGB;2.0;78.0;34.0;0.0;30.36;0.0;0.7017543859649122;1.0;0.6964285714285714;0.23404642939567566;0.9598214285714285;0.9196428571428571;0.8002351097178682;0.8456491447241976;Technology;dataset42;global_on_sector_test;2015;7080;114;436;114
XGB;0.0;47.0;35.0;0.0;42.68;;0.573170731707317;;0.573170731707317;0.3091423809528351;;;0.74;0.9166666666666666;Technology;dataset13;sector_only;2015;243;82;24;82
XGB;0.0;49.0;33.0;0.0;40.24;;0.5975609756097561;;0.5975609756097561;0.2614240050315857;;;0.7662921348314606;0.8275217775533392;Technology;dataset13;global_on_sector_test;2015;7054;82;890;82
XGB;21.0;19.0;16.0;9.0;45.71;30.0;0.6153846153846154;0.7;0.5428571428571428;0.3026234209537506;0.5847619047619048;0.3428571428571429;0.5375415282392026;0.5852195423623995;Technology;dataset23;sector_only;2015;223;65;214;65
XGB;24.0;18.0;17.0;6.0;48.57;20.0;0.6461538461538462;0.8;0.5142857142857142;0.25432246923446655;0.6171428571428571;0.31428571428571433;0.5387029827025118;0.5575391065181486;Technology;dataset23;global_on_sector_test;2015;5903;65;5452;65
XGB;22.0;24.0;28.0;8.0;53.85;26.67;0.5609756097560976;0.7333333333333333;0.46153846153846156;0.3354501724243164;0.6173076923076923;0.2525641025641025;0.5590909090909091;0.5942542306178671;Technology;dataset33;sector_only;2015;243;82;218;82
XGB;22.0;26.0;26.0;8.0;50.0;26.67;0.5853658536585366;0.7333333333333333;0.5;0.2565375864505768;0.6378205128205128;0.3141025641025641;0.6004708891164132;0.6440295599950734;Technology;dataset33;global_on_sector_test;2015;7065;82;5892;82
XGB;0.0;65.0;17.0;0.0;20.73;;0.7926829268292683;;0.7926829268292683;0.16644294559955597;;;0.75;0.75;Technology;dataset43;sector_only;2015;243;82;20;82
XGB;0.0;54.0;28.0;0.0;34.15;;0.6585365853658537;;0.6585365853658537;0.2590615749359131;;;0.7622222222222222;0.8399012345679013;Technology;dataset43;global_on_sector_test;2015;7065;82;450;82
XGB;4.0;413.0;17.0;0.0;3.95;0.0;0.9608294930875576;1.0;0.9604651162790697;0.029705621302127838;0.9889534883720931;0.986046511627907;0.9;0.934375;Utilities;dataset11;sector_only;2015;1060;434;80;434
XGB;4.0;406.0;24.0;0.0;5.58;0.0;0.9447004608294931;1.0;0.9441860465116279;0.045893121510744095;0.9790697674418605;0.958139534883721;0.9298873101420873;0.9610590966968766;Utilities;dataset11;global_on_sector_test;2015;7086;434;784;434
XGB;152.0;164.0;23.0;20.0;12.3;11.63;0.8802228412256268;0.8837209302325582;0.8770053475935828;0.09325137734413147;0.9450006218132073;0.7800335779131948;0.8474135195176136;0.9286333815189591;Utilities;dataset21;sector_only;2015;797;359;688;359
XGB;157.0;157.0;30.0;15.0;16.04;8.72;0.8746518105849582;0.9127906976744186;0.839572192513369;0.09599414467811584;0.9403681134187291;0.7646747916925756;0.8646601941747573;0.9363121877651052;Utilities;dataset21;global_on_sector_test;2015;5531;359;5150;359
XGB;155.0;235.0;26.0;18.0;9.96;10.4;0.8986175115207373;0.8959537572254336;0.9003831417624522;0.08358296751976013;0.9543994861913937;0.8021836865767502;0.8541794800111825;0.9269392868191891;Utilities;dataset31;sector_only;2015;1060;434;734;434
XGB;159.0;226.0;35.0;14.0;13.41;8.09;0.8870967741935484;0.9190751445086706;0.8659003831417624;0.08363908529281616;0.9607113591566452;0.8097136402896817;0.8767469869818292;0.9451688920326236;Utilities;dataset31;global_on_sector_test;2015;7094;434;5574;434
XGB;3.0;416.0;15.0;0.0;3.48;0.0;0.9654377880184332;1.0;0.9651972157772621;0.0388140007853508;0.9926527455529776;0.974477958236659;0.8571428571428571;0.9083333333333332;Utilities;dataset41;sector_only;2015;1060;434;34;434
XGB;3.0;414.0;17.0;0.0;3.94;0.0;0.9608294930875576;1.0;0.9605568445475638;0.03320614993572235;0.991492652745553;0.9860788863109049;0.9472222222222222;0.9655864197530863;Utilities;dataset41;global_on_sector_test;2015;7094;434;360;434
XGB;2.0;288.0;53.0;2.0;15.54;50.0;0.8405797101449275;0.5;0.844574780058651;0.11540327966213226;0.8541055718475072;0.6275659824046921;0.8220588235294117;0.8878472222222221;Utilities;dataset12;sector_only;2015;1059;345;84;345
XGB;3.0;310.0;31.0;1.0;9.09;25.0;0.9072463768115943;0.75;0.9090909090909091;0.0693831741809845;0.8885630498533724;0.7030791788856305;0.8114942528735632;0.884502576298058;Utilities;dataset12;global_on_sector_test;2015;7069;345;870;345
XGB;70.0;70.0;105.0;44.0;60.0;38.6;0.4844290657439446;0.6140350877192983;0.4;0.3724267780780792;0.5092230576441102;0.05949874686716794;0.5675675675675675;0.6115047479912346;Utilities;dataset22;sector_only;2015;829;289;740;289
XGB;61.0;82.0;93.0;53.0;53.14;46.49;0.49480968858131485;0.5350877192982456;0.4685714285714286;0.31703445315361023;0.5014035087719299;0.049974937343358394;0.574421115317821;0.6012027278053443;Utilities;dataset22;global_on_sector_test;2015;5731;289;5482;289
XGB;86.0;111.0;119.0;29.0;51.74;25.22;0.5710144927536231;0.7478260869565218;0.4826086956521739;0.3177646994590759;0.6657088846880908;0.27391304347826084;0.6658092438347215;0.7392596476335523;Utilities;dataset32;sector_only;2015;1059;345;784;345
XGB;81.0;103.0;127.0;34.0;55.22;29.57;0.5333333333333333;0.7043478260869566;0.44782608695652176;0.2905980944633484;0.6221928166351607;0.21739130434782616;0.6501016654862808;0.7084736047097998;Utilities;dataset32;global_on_sector_test;2015;7080;345;5916;345
XGB;1.0;296.0;46.0;2.0;13.45;66.67;0.8608695652173913;0.3333333333333333;0.8654970760233918;0.09559313952922821;0.7417153996101364;0.4649122807017544;0.725;0.79375;Utilities;dataset42;sector_only;2015;1059;345;40;345
XGB;2.0;292.0;50.0;1.0;14.62;33.33;0.8521739130434782;0.6666666666666666;0.8538011695906432;0.12329517304897308;0.8723196881091617;0.8216374269005848;0.8002351097178682;0.8456491447241976;Utilities;dataset42;global_on_sector_test;2015;7080;345;436;345
XGB;1.0;200.0;55.0;2.0;21.57;66.67;0.7790697674418605;0.3333333333333333;0.7843137254901961;0.16283848881721497;0.6013071895424836;0.3254901960784313;0.775;0.8;Utilities;dataset13;sector_only;2015;1058;258;80;258
XGB;2.0;222.0;33.0;1.0;12.94;33.33;0.8682170542635659;0.6666666666666666;0.8705882352941177;0.099722720682621;0.8235294117647058;0.5764705882352941;0.7662921348314606;0.8275217775533392;Utilities;dataset13;global_on_sector_test;2015;7054;258;890;258
XGB;52.0;56.0;60.0;51.0;51.72;49.51;0.4931506849315068;0.5048543689320388;0.4827586206896552;0.3716367483139038;0.4802477402075661;0.0434382323401406;0.5666666666666667;0.6022762345679011;Utilities;dataset23;sector_only;2015;856;219;720;219
XGB;58.0;61.0;55.0;45.0;47.41;43.69;0.54337899543379;0.5631067961165048;0.5258620689655172;0.2837165892124176;0.5523937060595915;0.17860729829260125;0.5387029827025118;0.5575391065181486;Utilities;dataset23;global_on_sector_test;2015;5903;219;5452;219
XGB;62.0;82.0;72.0;42.0;46.75;40.38;0.5581395348837209;0.5961538461538461;0.5324675324675324;0.31804609298706055;0.6019605394605394;0.19780219780219788;0.618421052631579;0.6847991689750692;Utilities;dataset33;sector_only;2015;1059;258;760;258
XGB;57.0;88.0;66.0;47.0;42.86;45.19;0.562015503875969;0.5480769230769231;0.5714285714285714;0.2675584852695465;0.6118881118881119;0.20641858141858138;0.6004708891164132;0.6440295599950734;Utilities;dataset33;global_on_sector_test;2015;7065;258;5892;258
XGB;1.0;192.0;64.0;1.0;25.0;50.0;0.748062015503876;0.5;0.75;0.1596321016550064;0.69921875;0.4921875;0.825;0.875;Utilities;dataset43;sector_only;2015;1059;258;40;258
XGB;2.0;208.0;48.0;0.0;18.75;0.0;0.813953488372093;1.0;0.8125;0.13787700235843658;0.92578125;0.8984375;0.7622222222222222;0.8399012345679013;Utilities;dataset43;global_on_sector_test;2015;7065;258;450;258
